{"cameraMode":{"drawMode":0,"name":"Shaded","section":"Shading Mode"},"sceneLighting":true,"audioPlay":false,"sceneViewState":{"showFog":true,"showMaterialUpdate":false,"showSkybox":true,"showFlares":true,"showImageEffects":true,"showParticleSystems":true,"showVisualEffectGraphs":true,"m_FxEnabled":true},"in2DMode":false,"pivot":{"x":11.439207077026368,"y":2.107933759689331,"z":-1.2737302780151368},"rotation":{"x":-0.03597269207239151,"y":-0.03297259286046028,"z":-0.001187517773360014,"w":0.9988082647323608},"size":21.076129913330079,"orthographic":true}